Case study nb,Reference,Qualitative expert prediction,Taxonomy 1=plant/algae 2=invertebrate 3=vertebrate,Habitat 1=marine intertidal 2=marine subtidal 3=river/stream 4=lake/pond,Log10 area (m2),Status 1=introduced 2=established 3=invasive,Method 1=mechanical 2=chemical 3=biological 4=combination,Containment 0=no 1=yes,Duration (years),Outcome 0=non-eradication 1=eradication,MIPE prediction (independent probability of eradication returned by a model including all case studies on this sheet excluding the case study for which the prediction is made),Lower 95% confidence limit for MIPE's prediction,Upper 95% confidence limit for MIPE's prediction,
1,Anderson LWJ. 2005. California's reaction to Caulerpa taxifolia: a model for invasive species rapid response. Biological Invasions 7: 1003-1016,Unlikely,1,2,3.021189299,2,4,1,6,1,0.97,0.71,1.00
1,Anderson LWJ. 2005. California's reaction to Caulerpa taxifolia: a model for invasive species rapid response. Biological Invasions 7: 1003-1016,Unlikely,1,2,3.021189299,2,4,1,6,1,0.97,0.71,1.00
1,Anderson LWJ. 2005. California's reaction to Caulerpa taxifolia: a model for invasive species rapid response. Biological Invasions 7: 1003-1016,Unlikely,1,2,3.021189299,2,4,1,6,1,0.97,0.71,1.00
2,Anderson LWJ. 2005. California's reaction to Caulerpa taxifolia: a model for invasive species rapid response. Biological Invasions 7: 1003-1016,Likely,1,2,4.021189299,2,4,1,6,1,0.73,0.18,0.97
4,"Read GB, Inglis G, Stratford P, and Ahyong ST. 2011. Arrival of the alien fanworm Sabella spallanzanii (Gmelin, 1791) (Polychaeta: Sabellidae) in two New Zealand harbours. Aquatic Invasions, 6: 273-279",Unlikely,2,2,5.606166315,2,1,0,2.3,0,0.00,0.00,0.01
4,"Read GB, Inglis G, Stratford P, and Ahyong ST. 2011. Arrival of the alien fanworm Sabella spallanzanii (Gmelin, 1791) (Polychaeta: Sabellidae) in two New Zealand harbours. Aquatic Invasions, 6: 273-279",Unlikely,2,2,5.606166315,2,1,0,2.3,0,0.00,0.00,0.01
4,"Read GB, Inglis G, Stratford P, and Ahyong ST. 2011. Arrival of the alien fanworm Sabella spallanzanii (Gmelin, 1791) (Polychaeta: Sabellidae) in two New Zealand harbours. Aquatic Invasions, 6: 273-279",Unlikely,2,2,5.606166315,2,1,0,2.3,0,0.00,0.00,0.01
5,"Read GB, Inglis G, Stratford P, and Ahyong ST. 2011. Arrival of the alien fanworm Sabella spallanzanii (Gmelin, 1791) (Polychaeta: Sabellidae) in two New Zealand harbours. Aquatic Invasions, 6: 273-279",Unlikely,2,2,5.040997692,2,1,0,0.92,0,0.00,0.00,0.01
5,"Read GB, Inglis G, Stratford P, and Ahyong ST. 2011. Arrival of the alien fanworm Sabella spallanzanii (Gmelin, 1791) (Polychaeta: Sabellidae) in two New Zealand harbours. Aquatic Invasions, 6: 273-279",Unlikely,2,2,5.040997692,2,1,0,0.92,0,0.00,0.00,0.01
6,"Hopkins GA, Forrest BM, Jiang W, and Gardner JPA. 2011. Successful eradicatioin of a non-indigenous marine bivalve from a subtidal soft-sediment envrionment. Journal of Applied Ecology, 48: 424-431",Likely,2,2,5.100370545,1,1,0,0.14,0,0.01,0.00,0.09
6,"Hopkins GA, Forrest BM, Jiang W, and Gardner JPA. 2011. Successful eradicatioin of a non-indigenous marine bivalve from a subtidal soft-sediment envrionment. Journal of Applied Ecology, 48: 424-431",Unlikely,2,2,5.100370545,1,1,0,0.14,0,0.01,0.00,0.09
6,"Hopkins GA, Forrest BM, Jiang W, and Gardner JPA. 2011. Successful eradicatioin of a non-indigenous marine bivalve from a subtidal soft-sediment envrionment. Journal of Applied Ecology, 48: 424-431",Unlikely,2,2,5.100370545,1,1,0,0.14,0,0.01,0.00,0.09
7,"Wotton DM, O'Brien C, Stuart MD, and Fergus DJ. 2004. Eradication success down under: heat treatment of a sunken trawler to kill the invasive seaweed Undaria pinnatifida. Marine Pollution Bulletin, 49: 844-849",Unlikely,1,2,2.602059991,1,1,0,3.75,1,0.80,0.23,0.98
8,"Miller AW, Chang AL, Cosentino-Manning N, and Ruiz GM. 2004. A new record and eradication of the northern Atlantic alga, Ascophyllum nodosum (Phaeophyceae) from San Francisco Bay, California, USA. Journal of Phycology, 40: 1028-1031",Likely,1,1,2.477121255,2,1,0,2,1,0.91,0.54,0.99
8,"Miller AW, Chang AL, Cosentino-Manning N, and Ruiz GM. 2004. A new record and eradication of the northern Atlantic alga, Ascophyllum nodosum (Phaeophyceae) from San Francisco Bay, California, USA. Journal of Phycology, 40: 1028-1031",Unlikely,1,1,2.477121255,2,1,0,2,1,0.91,0.54,0.99
8,"Miller AW, Chang AL, Cosentino-Manning N, and Ruiz GM. 2004. A new record and eradication of the northern Atlantic alga, Ascophyllum nodosum (Phaeophyceae) from San Francisco Bay, California, USA. Journal of Phycology, 40: 1028-1031",Unlikely,1,1,2.477121255,2,1,0,2,1,0.91,0.54,0.99
10,"Critchley AT, Farnham WF, and Morrell SL. 1986. An account of the attempted control of an introduced marine alga, Sargassum muticum, in Southern England. Biological Conservation 35: 313-332",Likely,1,2,6.51851394,3,1,0,3.42,0,0.00,0.00,0.00
10,"Critchley AT, Farnham WF, and Morrell SL. 1986. An account of the attempted control of an introduced marine alga, Sargassum muticum, in Southern England. Biological Conservation 35: 313-332",Unlikely,1,2,6.51851394,3,1,0,3.42,0,0.00,0.00,0.00
11,"Wimbush J, Frischer ME, Zarzynski JW, and Nierzwicki-Bauer SA. 2009. Eradication of colonizing populaitons of zebra mussels (Dreissena polymorpha) by early detection and SCUBA removal: Lake George, NY. Aquatic Conservation: Marine and Freshwater Ecosystems 19: 703-713. ",Veryunlikely,2,4,3.591064607,1,1,0,7,1,0.79,0.24,0.98
11,"Wimbush J, Frischer ME, Zarzynski JW, and Nierzwicki-Bauer SA. 2009. Eradication of colonizing populaitons of zebra mussels (Dreissena polymorpha) by early detection and SCUBA removal: Lake George, NY. Aquatic Conservation: Marine and Freshwater Ecosystems 19: 703-713. ",Veryunlikely,2,4,3.591064607,1,1,0,7,1,0.79,0.24,0.98
11,"Wimbush J, Frischer ME, Zarzynski JW, and Nierzwicki-Bauer SA. 2009. Eradication of colonizing populaitons of zebra mussels (Dreissena polymorpha) by early detection and SCUBA removal: Lake George, NY. Aquatic Conservation: Marine and Freshwater Ecosystems 19: 703-713. ",Veryunlikely,2,4,3.591064607,1,1,0,7,1,0.79,0.24,0.98
12,"Culver CS, and Kuris AM. 2000. The apparent eradication of a locally established introduced marine pest. Biological Invasions 2: 245-253",Likely,2,1,3.176091259,2,1,0,3.25,1,0.45,0.10,0.85
12,"Culver CS, and Kuris AM. 2000. The apparent eradication of a locally established introduced marine pest. Biological Invasions 2: 245-253",Unlikely,2,1,3.176091259,2,1,0,3.25,1,0.45,0.10,0.85
12,"Culver CS, and Kuris AM. 2000. The apparent eradication of a locally established introduced marine pest. Biological Invasions 2: 245-253",Veryunlikely,2,1,3.176091259,2,1,0,3.25,1,0.45,0.10,0.85
14,"Ferguson R. 2000. The effectiveness of Australia's response to the black striped mussel incursion in Darwin, Australia. Report of the Department of Environment and Heritage, Australia. 75pp",Veryunlikely,2,2,2.301029996,2,2,1,1.5,1,0.43,0.05,0.92
15,"Ferguson R. 2000. The effectiveness of Australia's response to the black striped mussel incursion in Darwin, Australia. Report of the Department of Environment and Heritage, Australia. 75pp",Likely,2,2,2.093421685,1,2,1,1.5,1,0.98,0.81,1.00
15,"Ferguson R. 2000. The effectiveness of Australia's response to the black striped mussel incursion in Darwin, Australia. Report of the Department of Environment and Heritage, Australia. 75pp",Likely,2,2,2.093421685,1,2,1,1.5,1,0.98,0.81,1.00
15,"Ferguson R. 2000. The effectiveness of Australia's response to the black striped mussel incursion in Darwin, Australia. Report of the Department of Environment and Heritage, Australia. 75pp",Likely,2,2,2.093421685,1,2,1,1.5,1,0.98,0.81,1.00
15,"Ferguson R. 2000. The effectiveness of Australia's response to the black striped mussel incursion in Darwin, Australia. Report of the Department of Environment and Heritage, Australia. 75pp",Verylikely,2,2,2.093421685,1,2,1,1.5,1,0.98,0.81,1.00
19,"Hein CL, Vander Zanden MJ, and Magnuson JJ. 2007. Intensive trapping and increased fish predation cause massive population decline of an invasive crayfish. Freshwater Biology 52: 1134-1146",Likely,2,4,5.806179974,3,4,0,5,0,0.23,0.06,0.59
19,"Hein CL, Vander Zanden MJ, and Magnuson JJ. 2007. Intensive trapping and increased fish predation cause massive population decline of an invasive crayfish. Freshwater Biology 52: 1134-1146",Likely,2,4,5.806179974,3,4,0,5,0,0.23,0.06,0.59
19,"Hein CL, Vander Zanden MJ, and Magnuson JJ. 2007. Intensive trapping and increased fish predation cause massive population decline of an invasive crayfish. Freshwater Biology 52: 1134-1146",Unlikely,2,4,5.806179974,3,4,0,5,0,0.23,0.06,0.59
19,"Hein CL, Vander Zanden MJ, and Magnuson JJ. 2007. Intensive trapping and increased fish predation cause massive population decline of an invasive crayfish. Freshwater Biology 52: 1134-1146",Veryunlikely,2,4,5.806179974,3,4,0,5,0,0.23,0.06,0.59
19,"Hein CL, Vander Zanden MJ, and Magnuson JJ. 2007. Intensive trapping and increased fish predation cause massive population decline of an invasive crayfish. Freshwater Biology 52: 1134-1146",Veryunlikely,2,4,5.806179974,3,4,0,5,0,0.23,0.06,0.59
20,"Britton JR, Brazier M, Davies GD, and Chare SI. 2008. Case studies on eradicating the asiatic cyprinid Pseudorasbora parva from fishing lakes in England to prevent their riverine dispersal. Aquatic Conservation: Marine and Freshwater Ecosystems 18: 867-876",Likely,3,4,3.834102656,3,4,1,0.83,1,0.99,0.96,1.00
20,"Britton JR, Brazier M, Davies GD, and Chare SI. 2008. Case studies on eradicating the asiatic cyprinid Pseudorasbora parva from fishing lakes in England to prevent their riverine dispersal. Aquatic Conservation: Marine and Freshwater Ecosystems 18: 867-876",Verylikely,3,4,3.834102656,3,4,1,0.83,1,0.99,0.96,1.00
21,"Britton JR, and Brazier M. 2006. Eradicating the invasive topmouth gudgeon, Pseudorasbora parva, from a recreational fishery in northern England. Fisheries Management and Ecology. 13: 329-335",Veryunlikely,3,4,4.469822016,3,2,0,0.5,1,0.82,0.55,0.95
22,"Britton JR, Brazier M, Davies GD, and Chare SI. 2008. Case studies on eradicating the asiatic cyprinid Pseudorasbora parva from fishing lakes in England to prevent their riverine dispersal. Aquatic Conservation: Marine and Freshwater Ecosystems 18: 867-876",Verylikely,3,4,3.978636948,3,2,0,0.58,1,0.93,0.77,0.98
24,"Britton JR, Davies GD, and Brazier M. 2010. Towards the successful control of the invasive Pseudorasbora parva in the UK. Biological Invasions 12: 125-131",Unlikely,3,4,4.499604614,3,2,0,0.7,1,0.82,0.55,0.94
24,"Britton JR, Davies GD, and Brazier M. 2010. Towards the successful control of the invasive Pseudorasbora parva in the UK. Biological Invasions 12: 125-131",Verylikely,3,4,4.499604614,3,2,0,0.7,1,0.82,0.55,0.94
25,"Britton JR, Davies GD, and Brazier M. 2010. Towards the successful control of the invasive Pseudorasbora parva in the UK. Biological Invasions 12: 125-131",Verylikely,3,4,3.560982056,3,2,0,0.7,1,0.97,0.88,0.99
26,"Britton JR, Davies GD, and Brazier M. 2010. Towards the successful control of the invasive Pseudorasbora parva in the UK. Biological Invasions 12: 125-131",Likely,3,4,3.477121255,3,1,1,2,0,0.57,0.37,0.74
26,"Britton JR, Davies GD, and Brazier M. 2010. Towards the successful control of the invasive Pseudorasbora parva in the UK. Biological Invasions 12: 125-131",Likely,3,4,3.477121255,3,1,1,2,0,0.57,0.37,0.74
26,"Britton JR, Davies GD, and Brazier M. 2010. Towards the successful control of the invasive Pseudorasbora parva in the UK. Biological Invasions 12: 125-131",Likely,3,4,3.477121255,3,1,1,2,0,0.57,0.37,0.74
26,"Britton JR, Davies GD, and Brazier M. 2010. Towards the successful control of the invasive Pseudorasbora parva in the UK. Biological Invasions 12: 125-131",Unlikely,3,4,3.477121255,3,1,1,2,0,0.57,0.37,0.74
26,"Britton JR, Davies GD, and Brazier M. 2010. Towards the successful control of the invasive Pseudorasbora parva in the UK. Biological Invasions 12: 125-131",Unlikely,3,4,3.477121255,3,1,1,2,0,0.57,0.37,0.74
26,"Britton JR, Davies GD, and Brazier M. 2010. Towards the successful control of the invasive Pseudorasbora parva in the UK. Biological Invasions 12: 125-131",Veryunlikely,3,4,3.477121255,3,1,1,2,0,0.57,0.37,0.74
27,"Garcia-de-Loma J, Dana ED, Lopez-Santiago J, Gonzalez R, Ceballos G, and Ortega F. 2010. Management of the Chinese mitten crab, Eriocheir sinensis (H. Milne Edwards, 1853) in the Guadalquivir Estuary (Southern Spain). Aquatic Invasions 5: 323-330",Unlikely,2,2,6.447158031,2,1,0,7,0,0.00,0.00,0.00
27,"Garcia-de-Loma J, Dana ED, Lopez-Santiago J, Gonzalez R, Ceballos G, and Ortega F. 2010. Management of the Chinese mitten crab, Eriocheir sinensis (H. Milne Edwards, 1853) in the Guadalquivir Estuary (Southern Spain). Aquatic Invasions 5: 323-330",Veryunlikely,2,2,6.447158031,2,1,0,7,0,0.00,0.00,0.00
28,Washington State Department of Agriculture. 2011. Spartina eradication program 2010 progress report. 45 pp,Verylikely,1,1,7.934498451,3,4,0,8,0,0.05,0.01,0.31
29,Washington State Department of Agriculture. 2011. Spartina eradication program 2010 progress report. 45 pp,Veryunlikely,1,1,5.005073213,3,4,0,6,0,0.97,0.82,1.00
30,Washington State Department of Agriculture. 2011. Spartina eradication program 2010 progress report. 45 pp,Likely,1,1,6.886490725,3,4,0,8,0,0.36,0.06,0.82
30,Washington State Department of Agriculture. 2011. Spartina eradication program 2010 progress report. 45 pp,Unlikely,1,1,6.886490725,3,4,0,8,0,0.36,0.06,0.82
31,"Knapp RA, and Matthews KR. 1998. Eradication of nonnative fish by gill netting from a small mountain Lake in California. Restoration Ecology, 6: 207-213",Likely,3,4,4.204119983,2,1,1,1.83,1,0.40,0.20,0.64
31,"Knapp RA, and Matthews KR. 1998. Eradication of nonnative fish by gill netting from a small mountain Lake in California. Restoration Ecology, 6: 207-213",Veryunlikely,3,4,4.204119983,2,1,1,1.83,1,0.40,0.20,0.64
33,"Neilson K, Kelleher R, Barnes G, Speirs D, and Kelly J. 2004. Use of fine-mesh monofilament gill nets for the removal of rudd (Scardinius erythrophtalmus) from a small lake complex in Waikato, New Zealand. New Zealand Journal of Marine and Freshwater Research 38: 525-539",Veryunlikely,3,4,4.72427587,2,1,0,2,0,0.36,0.17,0.59
34,"Neilson K, Kelleher R, Barnes G, Speirs D, and Kelly J. 2004. Use of fine-mesh monofilament gill nets for the removal of rudd (Scardinius erythrophtalmus) from a small lake complex in Waikato, New Zealand. New Zealand Journal of Marine and Freshwater Research 38: 525-539",Likely,3,4,4.204119983,2,1,0,2,0,0.63,0.39,0.82
34,"Neilson K, Kelleher R, Barnes G, Speirs D, and Kelly J. 2004. Use of fine-mesh monofilament gill nets for the removal of rudd (Scardinius erythrophtalmus) from a small lake complex in Waikato, New Zealand. New Zealand Journal of Marine and Freshwater Research 38: 525-539",Unlikely,3,4,4.204119983,2,1,0,2,0,0.63,0.39,0.82
34,"Neilson K, Kelleher R, Barnes G, Speirs D, and Kelly J. 2004. Use of fine-mesh monofilament gill nets for the removal of rudd (Scardinius erythrophtalmus) from a small lake complex in Waikato, New Zealand. New Zealand Journal of Marine and Freshwater Research 38: 525-539",Veryunlikely,3,4,4.204119983,2,1,0,2,0,0.63,0.39,0.82
35,"Neilson K, Kelleher R, Barnes G, Speirs D, and Kelly J. 2004. Use of fine-mesh monofilament gill nets for the removal of rudd (Scardinius erythrophtalmus) from a small lake complex in Waikato, New Zealand. New Zealand Journal of Marine and Freshwater Research 38: 525-539",Likely,3,4,4.919078092,2,1,0,2,0,0.27,0.12,0.50
35,"Neilson K, Kelleher R, Barnes G, Speirs D, and Kelly J. 2004. Use of fine-mesh monofilament gill nets for the removal of rudd (Scardinius erythrophtalmus) from a small lake complex in Waikato, New Zealand. New Zealand Journal of Marine and Freshwater Research 38: 525-539",Veryunlikely,3,4,4.919078092,2,1,0,2,0,0.27,0.12,0.50
36,"Thuesen PA, Russell DJ, Thomson FE, Pearce MG, Vallance TD, and Hogan AE. 2011. An evaluation of electrofishing as a control measure for an invasive tilapia (Oreochromis mossambicus) population in northern Australia. Marine and Freshwater Research 62: 110-118",Likely,3,3,5.041392685,2,1,0,2.75,0,0.01,0.00,0.05
36,"Thuesen PA, Russell DJ, Thomson FE, Pearce MG, Vallance TD, and Hogan AE. 2011. An evaluation of electrofishing as a control measure for an invasive tilapia (Oreochromis mossambicus) population in northern Australia. Marine and Freshwater Research 62: 110-118",Veryunlikely,3,3,5.041392685,2,1,0,2.75,0,0.01,0.00,0.05
37,"Caudron A, and Champigneulle A. 2011. Multiple electrofishing as a mitigate tool for removing nonnative Atlantic brown trout (Salmo trutte L.) threatening a native Mediterranean brown trout population. European Journal of Widlife Research 57: 575-583",Likely,3,3,3.165244326,2,1,0,4,0,0.48,0.22,0.75
37,"Caudron A, and Champigneulle A. 2011. Multiple electrofishing as a mitigate tool for removing nonnative Atlantic brown trout (Salmo trutte L.) threatening a native Mediterranean brown trout population. European Journal of Widlife Research 57: 575-583",Verylikely,3,3,3.165244326,2,1,0,4,0,0.48,0.22,0.75
37,"Caudron A, and Champigneulle A. 2011. Multiple electrofishing as a mitigate tool for removing nonnative Atlantic brown trout (Salmo trutte L.) threatening a native Mediterranean brown trout population. European Journal of Widlife Research 57: 575-583",Veryunlikely,3,3,3.165244326,2,1,0,4,0,0.48,0.22,0.75
37,"Caudron A, and Champigneulle A. 2011. Multiple electrofishing as a mitigate tool for removing nonnative Atlantic brown trout (Salmo trutte L.) threatening a native Mediterranean brown trout population. European Journal of Widlife Research 57: 575-583",Veryunlikely,3,3,3.165244326,2,1,0,4,0,0.48,0.22,0.75
38,"Moore SE, Ridley B, and Larson GL. 1983. Standing crop of brook trout concurrent with removal of rainbow trout from selected streams in Great Smoky Mountains National Park. North American Journal of Fisheries Management 3: 72-80",Verylikely,3,3,3.52146499,3,1,1,4,0,0.07,0.02,0.18
39,"Moore SE, Ridley B, and Larson GL. 1983. Standing crop of brook trout concurrent with removal of rainbow trout from selected streams in Great Smoky Mountains National Park. North American Journal of Fisheries Management 3: 72-80",Unlikely,3,3,3.52146499,3,1,1,4,0,0.07,0.02,0.18
40,"Moore SE, Ridley B, and Larson GL. 1983. Standing crop of brook trout concurrent with removal of rainbow trout from selected streams in Great Smoky Mountains National Park. North American Journal of Fisheries Management 3: 72-80",Likely,3,3,3.746774271,3,1,1,4,0,0.04,0.01,0.13
41,"Moore SE, Ridley B, and Larson GL. 1983. Standing crop of brook trout concurrent with removal of rainbow trout from selected streams in Great Smoky Mountains National Park. North American Journal of Fisheries Management 3: 72-80",Verylikely,3,3,3.725584972,3,1,1,4,0,0.05,0.01,0.13
42,"Moore SE, Ridley B, and Larson GL. 1983. Standing crop of brook trout concurrent with removal of rainbow trout from selected streams in Great Smoky Mountains National Park. North American Journal of Fisheries Management 3: 72-80",Veryunlikely,3,3,3.725584972,3,1,1,4,0,0.05,0.01,0.13
42,"Moore SE, Ridley B, and Larson GL. 1983. Standing crop of brook trout concurrent with removal of rainbow trout from selected streams in Great Smoky Mountains National Park. North American Journal of Fisheries Management 3: 72-80",Veryunlikely,3,3,3.725584972,3,1,1,4,0,0.05,0.01,0.13
42,"Moore SE, Ridley B, and Larson GL. 1983. Standing crop of brook trout concurrent with removal of rainbow trout from selected streams in Great Smoky Mountains National Park. North American Journal of Fisheries Management 3: 72-80",Veryunlikely,3,3,3.725584972,3,1,1,4,0,0.05,0.01,0.13
43,"Meyer KA, Lamansky JA, and Schill DJ. 2006. Evaluation of an unsuccessful brook trout electrofishing removal project in a small Rocky Mountain stream. North American Journal of Fisheries Management 26: 849-860",Unlikely,3,3,4.339252634,2,1,1,3,0,0.03,0.01,0.11
43,"Meyer KA, Lamansky JA, and Schill DJ. 2006. Evaluation of an unsuccessful brook trout electrofishing removal project in a small Rocky Mountain stream. North American Journal of Fisheries Management 26: 849-860",Unlikely,3,3,4.339252634,2,1,1,3,0,0.03,0.01,0.11
44,"Dresen K, Scott L, and Williams GL. 2010. B.C. Spartina response plan 2010. Ducks unlimited reports. 74 pp",Unlikely,1,1,6.342422681,2,1,0,6,0,0.01,0.00,0.08
44,"Dresen K, Scott L, and Williams GL. 2010. B.C. Spartina response plan 2010. Ducks unlimited reports. 74 pp",Unlikely,1,1,6.342422681,2,1,0,6,0,0.01,0.00,0.08
44,"Dresen K, Scott L, and Williams GL. 2010. B.C. Spartina response plan 2010. Ducks unlimited reports. 74 pp",Veryunlikely,1,1,6.342422681,2,1,0,6,0,0.01,0.00,0.08
45,"Shepard BB, Spoon R, and Nelson L. 2002. A native westslope cutthroat trout population responds positively after brook trout removal and habitat restoration. Intermountain Journal of Sciences 8: 193-214",Likely,3,3,3.770852012,3,1,1,8,1,0.05,0.01,0.16
45,"Shepard BB, Spoon R, and Nelson L. 2002. A native westslope cutthroat trout population responds positively after brook trout removal and habitat restoration. Intermountain Journal of Sciences 8: 193-214",Unlikely,3,3,3.770852012,3,1,1,8,1,0.05,0.01,0.16
45,"Shepard BB, Spoon R, and Nelson L. 2002. A native westslope cutthroat trout population responds positively after brook trout removal and habitat restoration. Intermountain Journal of Sciences 8: 193-214",Unlikely,3,3,3.770852012,3,1,1,8,1,0.05,0.01,0.16
46,"Rowe DK, and Champion PD. 1994. Biomanipulation of plants and fish to restore Lake Parkinson: a case study and its implications. Pp 53-65 In: Collier KJ (Ed) Restoration of Aquatic Habitat. Selected papers from the second day of the New Zealand Limnological Society 1993 Annual Conference.",Verylikely,1,4,3.977723605,3,3,1,5.5,1,0.88,0.59,0.98
46,"Rowe DK, and Champion PD. 1994. Biomanipulation of plants and fish to restore Lake Parkinson: a case study and its implications. Pp 53-65 In: Collier KJ (Ed) Restoration of Aquatic Habitat. Selected papers from the second day of the New Zealand Limnological Society 1993 Annual Conference.",Veryunlikely,1,4,3.977723605,3,3,1,5.5,1,0.88,0.59,0.98
47,"Rowe DK, and Champion PD. 1994. Biomanipulation of plants and fish to restore Lake Parkinson: a case study and its implications. Pp 53-65 In: Collier KJ (Ed) Restoration of Aquatic Habitat. Selected papers from the second day of the New Zealand Limnological Society 1993 Annual Conference.",Likely,3,4,4.278753601,3,2,1,2.08,1,0.83,0.64,0.93
47,"Rowe DK, and Champion PD. 1994. Biomanipulation of plants and fish to restore Lake Parkinson: a case study and its implications. Pp 53-65 In: Collier KJ (Ed) Restoration of Aquatic Habitat. Selected papers from the second day of the New Zealand Limnological Society 1993 Annual Conference.",Likely,3,4,4.278753601,3,2,1,2.08,1,0.83,0.64,0.93
47,"Rowe DK, and Champion PD. 1994. Biomanipulation of plants and fish to restore Lake Parkinson: a case study and its implications. Pp 53-65 In: Collier KJ (Ed) Restoration of Aquatic Habitat. Selected papers from the second day of the New Zealand Limnological Society 1993 Annual Conference.",Verylikely,3,4,4.278753601,3,2,1,2.08,1,0.83,0.64,0.93
48,Early S. 2003. Eradication of the snakehead fish in Maryland. Pp 8-9 In: Proceedings of the Rapid Response to Aquatic Nuisance Species in the Northeast: Developing an Early Detection and Eradication Protocol. ,Verylikely,3,4,4.209166367,2,2,1,0.25,1,0.92,0.77,0.98
50,"Van Dyke JM, Leslie Jr. AJ, and Nall LE. 1984. The effects of the grass carp on the aquatic macrophytes of four Florida lakes. Journal of Aquatic Plant Management 22: 87-95",Unlikely,1,4,5.230448921,3,3,0,9,1,0.63,0.30,0.87
50,"Van Dyke JM, Leslie Jr. AJ, and Nall LE. 1984. The effects of the grass carp on the aquatic macrophytes of four Florida lakes. Journal of Aquatic Plant Management 22: 87-95",Veryunlikely,1,4,5.230448921,3,3,0,9,1,0.63,0.30,0.87
51,"Van Dyke JM, Leslie Jr. AJ, and Nall LE. 1984. The effects of the grass carp on the aquatic macrophytes of four Florida lakes. Journal of Aquatic Plant Management 22: 87-95",Likely,1,4,5.329058041,3,3,0,9,1,0.58,0.25,0.85
51,"Van Dyke JM, Leslie Jr. AJ, and Nall LE. 1984. The effects of the grass carp on the aquatic macrophytes of four Florida lakes. Journal of Aquatic Plant Management 22: 87-95",Unlikely,1,4,5.329058041,3,3,0,9,1,0.58,0.25,0.85
52,"Van Dyke JM, Leslie Jr. AJ, and Nall LE. 1984. The effects of the grass carp on the aquatic macrophytes of four Florida lakes. Journal of Aquatic Plant Management 22: 87-95",Unlikely,1,4,5.531478917,3,4,0,9,1,0.65,0.40,0.84
53,"Van Dyke JM, Leslie Jr. AJ, and Nall LE. 1984. The effects of the grass carp on the aquatic macrophytes of four Florida lakes. Journal of Aquatic Plant Management 22: 87-95",Unlikely,1,4,6.801632323,3,3,0,9,0,0.08,0.02,0.30
53,"Van Dyke JM, Leslie Jr. AJ, and Nall LE. 1984. The effects of the grass carp on the aquatic macrophytes of four Florida lakes. Journal of Aquatic Plant Management 22: 87-95",Veryunlikely,1,4,6.801632323,3,3,0,9,0,0.08,0.02,0.30
54,Gresswell RE. 1991. Use of antimycin for removal of brook trout from a tributary of Yellowstone Lake. North American Journal of Fisheries Management 11: 83-90,Unlikely,3,3,4.643452676,2,2,0,4.33,1,0.40,0.16,0.71
54,Gresswell RE. 1991. Use of antimycin for removal of brook trout from a tributary of Yellowstone Lake. North American Journal of Fisheries Management 11: 83-90,Verylikely,3,3,4.643452676,2,2,0,4.33,1,0.40,0.16,0.71
55,"Ibbottson A, and Klee C. 2002. Impacts and subsequent control of an introduced predator: the case of pike, Esox lucius, in Chew Valley Lake. Pp 203-216 In: Cowx IG (ed) Management and Ecology of Lake and Reservoir Fisheries. Blackwell",Veryunlikely,3,4,6.69019608,2,1,0,4,0,0.01,0.00,0.06
57,"Thompson PD, and Rahel F. 1996. Evaluation of depletion-removal electrofishing of brook trout in small Rocky Mountain streams. North American Journal of Fisheries Management 16: 332-339",Likely,3,3,3.318063335,2,1,1,2,0,0.20,0.08,0.42
57,"Thompson PD, and Rahel F. 1996. Evaluation of depletion-removal electrofishing of brook trout in small Rocky Mountain streams. North American Journal of Fisheries Management 16: 332-339",Likely,3,3,3.318063335,2,1,1,2,0,0.20,0.08,0.42
57,"Thompson PD, and Rahel F. 1996. Evaluation of depletion-removal electrofishing of brook trout in small Rocky Mountain streams. North American Journal of Fisheries Management 16: 332-339",Unlikely,3,3,3.318063335,2,1,1,2,0,0.20,0.08,0.42
57,"Thompson PD, and Rahel F. 1996. Evaluation of depletion-removal electrofishing of brook trout in small Rocky Mountain streams. North American Journal of Fisheries Management 16: 332-339",Unlikely,3,3,3.318063335,2,1,1,2,0,0.20,0.08,0.42
58,"Thompson PD, and Rahel F. 1996. Evaluation of depletion-removal electrofishing of brook trout in small Rocky Mountain streams. North American Journal of Fisheries Management 16: 332-339",Unlikely,3,3,3.526339277,2,1,1,2,0,0.13,0.05,0.32
59,"Thompson PD, and Rahel F. 1996. Evaluation of depletion-removal electrofishing of brook trout in small Rocky Mountain streams. North American Journal of Fisheries Management 16: 332-339",Unlikely,3,3,3.760422483,2,1,1,2,0,0.09,0.03,0.23
59,"Thompson PD, and Rahel F. 1996. Evaluation of depletion-removal electrofishing of brook trout in small Rocky Mountain streams. North American Journal of Fisheries Management 16: 332-339",Verylikely,3,3,3.760422483,2,1,1,2,0,0.09,0.03,0.23
60,"Rinne JN, Minckley WL, and Hanson JN. 1981. Chemical treatment of Ord Creek, Apache County, Arizona, to re-establish Arizona trout. Journal of the Arizona-Nevada Academy of Science 16: 74-78",Verylikely,3,3,3.920801382,3,2,1,2,1,0.29,0.13,0.53
61,"Moore SE, Kulp MA, Hammonds J, and Rosenlund B. 2005. Restoration of Sams Creek and an assessment of brook trout restoration methods, Greater Smoky Mountains National Park. National Park Service US department of the interior Technical report. 45 pp",Verylikely,3,3,4.158362492,3,2,1,2,0,0.24,0.10,0.48
62,"Kelly A. 2006. Removal of invasive floating pennywort Hydrocotyle ranunculoides from Gillingham Marshes, Suffolk, England. Conservation Evidence 3: 52-53",Unlikely,1,4,3.301029996,3,1,1,1,0,0.09,0.01,0.42
62,"Kelly A. 2006. Removal of invasive floating pennywort Hydrocotyle ranunculoides from Gillingham Marshes, Suffolk, England. Conservation Evidence 3: 52-53",Verylikely,1,4,3.301029996,3,1,1,1,0,0.09,0.01,0.42
63,"Lintermans M, and Raadik T. 2003. Local eradication of trout from streams using rotenone: the Australian experience.pp 95-111 In: Department of Conservation: Managing invasive freshwater fish in New Zealand. Proceedings of a workshop hosted by the Department of Conservation. 174 pp",Likely,3,3,3.556302501,3,2,1,5,1,0.59,0.33,0.80
63,"Lintermans M, and Raadik T. 2003. Local eradication of trout from streams using rotenone: the Australian experience.pp 95-111 In: Department of Conservation: Managing invasive freshwater fish in New Zealand. Proceedings of a workshop hosted by the Department of Conservation. 174 pp",Unlikely,3,3,3.556302501,3,2,1,5,1,0.59,0.33,0.80
63,"Lintermans M, and Raadik T. 2003. Local eradication of trout from streams using rotenone: the Australian experience.pp 95-111 In: Department of Conservation: Managing invasive freshwater fish in New Zealand. Proceedings of a workshop hosted by the Department of Conservation. 174 pp",Unlikely,3,3,3.556302501,3,2,1,5,1,0.59,0.33,0.80
63,"Lintermans M, and Raadik T. 2003. Local eradication of trout from streams using rotenone: the Australian experience.pp 95-111 In: Department of Conservation: Managing invasive freshwater fish in New Zealand. Proceedings of a workshop hosted by the Department of Conservation. 174 pp",Veryunlikely,3,3,3.556302501,3,2,1,5,1,0.59,0.33,0.80
64,"Lintermans M, and Raadik T. 2003. Local eradication of trout from streams using rotenone: the Australian experience.pp 95-111 In: Department of Conservation: Managing invasive freshwater fish in New Zealand. Proceedings of a workshop hosted by the Department of Conservation. 174 pp",Likely,3,3,4.301029996,3,2,1,6,0,0.30,0.13,0.57
64,"Lintermans M, and Raadik T. 2003. Local eradication of trout from streams using rotenone: the Australian experience.pp 95-111 In: Department of Conservation: Managing invasive freshwater fish in New Zealand. Proceedings of a workshop hosted by the Department of Conservation. 174 pp",Likely,3,3,4.301029996,3,2,1,6,0,0.30,0.13,0.57
64,"Lintermans M, and Raadik T. 2003. Local eradication of trout from streams using rotenone: the Australian experience.pp 95-111 In: Department of Conservation: Managing invasive freshwater fish in New Zealand. Proceedings of a workshop hosted by the Department of Conservation. 174 pp",Verylikely,3,3,4.301029996,3,2,1,6,0,0.30,0.13,0.57
65,"Eilers JM, Truemper HA, Jackson LS, Eilers BJ, and Loomis DW. 2011. Eradication of an invasive cyprinid (Gila bicolor) to achieve water quality goals in Diamond Lake, Oregon (USA). Lake and Reservoir Management 27: 194-204",Likely,3,4,7.08849047,3,4,0,0.92,1,0.20,0.04,0.58
65,"Eilers JM, Truemper HA, Jackson LS, Eilers BJ, and Loomis DW. 2011. Eradication of an invasive cyprinid (Gila bicolor) to achieve water quality goals in Diamond Lake, Oregon (USA). Lake and Reservoir Management 27: 194-204",Unlikely,3,4,7.08849047,3,4,0,0.92,1,0.20,0.04,0.58
66,"Rayner TS, and Creese RG. 2006. A review of rotenone use for the control of non-indigenous fish in Australian fresh waters, and an attempted eradication of the noxious fish, Phalloceros caudimaculata. New Zealand Journal of Marine and Freshwater Research 40: 477-486",Unlikely,3,4,3.800304578,2,2,0,5.33,1,0.99,0.96,1.00
66,"Rayner TS, and Creese RG. 2006. A review of rotenone use for the control of non-indigenous fish in Australian fresh waters, and an attempted eradication of the noxious fish, Phalloceros caudimaculata. New Zealand Journal of Marine and Freshwater Research 40: 477-486",Verylikely,3,4,3.800304578,2,2,0,5.33,1,0.99,0.96,1.00
67,"Verrill DD, and Berry Jr. CR. 1995. Effectiveness of an electrical barrier and lake drawdown for reducing common carp and bigmouth buffalo abundances. North American Journal of Fisheries Management 15: 137-141",Veryunlikely,3,4,7.524006446,2,1,1,1,0,0.00,0.00,0.01
68,"Diggle J, Day J, and Bax N. 2004. Eradicating European carp from Tasmania and implications for national European carp eradication. Inland Fisheries Service, Hobart. 76 pp",Likely,3,4,7.853393977,2,1,1,16,0,0.00,0.00,0.05
68,"Diggle J, Day J, and Bax N. 2004. Eradicating European carp from Tasmania and implications for national European carp eradication. Inland Fisheries Service, Hobart. 76 pp",Unlikely,3,4,7.853393977,2,1,1,16,0,0.00,0.00,0.05
68,"Diggle J, Day J, and Bax N. 2004. Eradicating European carp from Tasmania and implications for national European carp eradication. Inland Fisheries Service, Hobart. 76 pp",Unlikely,3,4,7.853393977,2,1,1,16,0,0.00,0.00,0.05
69,"Pinto L, Chandraseana N, Pera J, Hawkins P, Eccles D, and Sim R. 2005. Managing invasive carp (Cyprinus carpio L.) for habitat enhancement at Botany Bay Wetlands, Australia. Aquatic Conservation: Marine and Freshwater Ecosystems 15: 447-462",Unlikely,3,4,5.763427994,2,1,0,8,0,0.13,0.04,0.35
69,"Pinto L, Chandraseana N, Pera J, Hawkins P, Eccles D, and Sim R. 2005. Managing invasive carp (Cyprinus carpio L.) for habitat enhancement at Botany Bay Wetlands, Australia. Aquatic Conservation: Marine and Freshwater Ecosystems 15: 447-462",Unlikely,3,4,5.763427994,2,1,0,8,0,0.13,0.04,0.35
69,"Pinto L, Chandraseana N, Pera J, Hawkins P, Eccles D, and Sim R. 2005. Managing invasive carp (Cyprinus carpio L.) for habitat enhancement at Botany Bay Wetlands, Australia. Aquatic Conservation: Marine and Freshwater Ecosystems 15: 447-462",Veryunlikely,3,4,5.763427994,2,1,0,8,0,0.13,0.04,0.35
72,Meffe GK. 1983. Attempted chemical renovation of an Arizona sringbrook for management of the endangered Sonoran topminnow. North American Journal of Fisheries Management 3: 315-321,Likely,3,3,2.716003344,3,2,1,0.33,0,0.86,0.64,0.95
72,Meffe GK. 1983. Attempted chemical renovation of an Arizona sringbrook for management of the endangered Sonoran topminnow. North American Journal of Fisheries Management 3: 315-321,Unlikely,3,3,2.716003344,3,2,1,0.33,0,0.86,0.64,0.95
72,Meffe GK. 1983. Attempted chemical renovation of an Arizona sringbrook for management of the endangered Sonoran topminnow. North American Journal of Fisheries Management 3: 315-321,Unlikely,3,3,2.716003344,3,2,1,0.33,0,0.86,0.64,0.95
72,Meffe GK. 1983. Attempted chemical renovation of an Arizona sringbrook for management of the endangered Sonoran topminnow. North American Journal of Fisheries Management 3: 315-321,Verylikely,3,3,2.716003344,3,2,1,0.33,0,0.86,0.64,0.95
72,Meffe GK. 1983. Attempted chemical renovation of an Arizona sringbrook for management of the endangered Sonoran topminnow. North American Journal of Fisheries Management 3: 315-321,Verylikely,3,3,2.716003344,3,2,1,0.33,0,0.86,0.64,0.95
73,"Bills TD, and Marking LL. 1988. Control of nuisance populations of crayfish with traps and toxicants. The Progressive Fish Culturist 50: 103-106",Likely,2,3,3.653212514,2,4,1,1,1,0.34,0.07,0.78
73,"Bills TD, and Marking LL. 1988. Control of nuisance populations of crayfish with traps and toxicants. The Progressive Fish Culturist 50: 103-106",Veryunlikely,2,3,3.653212514,2,4,1,1,1,0.34,0.07,0.78
74,"Peay S, Hiley PD, Collen P, and Martin I. 2006. Biocide treatment of ponds in Scotland to eradicate signal crayfish. Bulletin Francais de la Peche et Pisciculture 380-381: 1363-1379",Likely,2,4,3.660865478,2,2,1,5,1,0.63,0.35,0.85
74,"Peay S, Hiley PD, Collen P, and Martin I. 2006. Biocide treatment of ponds in Scotland to eradicate signal crayfish. Bulletin Francais de la Peche et Pisciculture 380-381: 1363-1379",Unlikely,2,4,3.660865478,2,2,1,5,1,0.63,0.35,0.85
74,"Peay S, Hiley PD, Collen P, and Martin I. 2006. Biocide treatment of ponds in Scotland to eradicate signal crayfish. Bulletin Francais de la Peche et Pisciculture 380-381: 1363-1379",Unlikely,2,4,3.660865478,2,2,1,5,1,0.63,0.35,0.85
74,"Peay S, Hiley PD, Collen P, and Martin I. 2006. Biocide treatment of ponds in Scotland to eradicate signal crayfish. Bulletin Francais de la Peche et Pisciculture 380-381: 1363-1379",Unlikely,2,4,3.660865478,2,2,1,5,1,0.63,0.35,0.85
76,"Peay S, Hiley PD, Collen P, and Martin I. 2006. Biocide treatment of ponds in Scotland to eradicate signal crayfish. Bulletin Francais de la Peche et Pisciculture 380-381: 1363-1379",Likely,2,4,3.799340549,2,2,1,5,0,0.64,0.35,0.86
76,"Peay S, Hiley PD, Collen P, and Martin I. 2006. Biocide treatment of ponds in Scotland to eradicate signal crayfish. Bulletin Francais de la Peche et Pisciculture 380-381: 1363-1379",Verylikely,2,4,3.799340549,2,2,1,5,0,0.64,0.35,0.86
76,"Peay S, Hiley PD, Collen P, and Martin I. 2006. Biocide treatment of ponds in Scotland to eradicate signal crayfish. Bulletin Francais de la Peche et Pisciculture 380-381: 1363-1379",Verylikely,2,4,3.799340549,2,2,1,5,0,0.64,0.35,0.86
76,"Peay S, Hiley PD, Collen P, and Martin I. 2006. Biocide treatment of ponds in Scotland to eradicate signal crayfish. Bulletin Francais de la Peche et Pisciculture 380-381: 1363-1379",Verylikely,2,4,3.799340549,2,2,1,5,0,0.64,0.35,0.86
76,"Peay S, Hiley PD, Collen P, and Martin I. 2006. Biocide treatment of ponds in Scotland to eradicate signal crayfish. Bulletin Francais de la Peche et Pisciculture 380-381: 1363-1379",Verylikely,2,4,3.799340549,2,2,1,5,0,0.64,0.35,0.86
77,"Earle JE, Paul AJ, and Stelfox JD. 2010. Quirk Creek population estimates and one-pass removal of brook trout, 2009. Fish and Wildlife Division, Alberta Sustainable Resource Development. 67 pp",Unlikely,3,3,4.569607968,2,1,0,11,0,0.12,0.03,0.35
77,"Earle JE, Paul AJ, and Stelfox JD. 2010. Quirk Creek population estimates and one-pass removal of brook trout, 2009. Fish and Wildlife Division, Alberta Sustainable Resource Development. 67 pp",Veryunlikely,3,3,4.569607968,2,1,0,11,0,0.12,0.03,0.35
78,Pot R. 2002. Invasion and management of floating pennywort (Hydrocotyle ranunculoides L.f.) and some other alien species in the Netherlands. Pp 435-438 In: Proceedings of the 11th EWRS International Symposium on Aquatic weeds,Veryunlikely,1,3,5.544068044,3,1,0,2,0,0.00,0.00,0.00
78,Pot R. 2002. Invasion and management of floating pennywort (Hydrocotyle ranunculoides L.f.) and some other alien species in the Netherlands. Pp 435-438 In: Proceedings of the 11th EWRS International Symposium on Aquatic weeds,Veryunlikely,1,3,5.544068044,3,1,0,2,0,0.00,0.00,0.00
79,"Dimond PE, Mandrak NE, and Brownson B. 2010. Summary of the rapid response to round goby (Neogobius melanostomus) in Pefferlaw Brook with an evaluation of the national rapid response framework based on the Pefferlaw Brook experience. Department of Fisheries and Oceans Canadian Science Advisory Sector. 33 pp",Unlikely,3,3,5.570309385,2,2,1,1,0,0.04,0.01,0.16
80,California Department of Food and Agriculture.  Hydrilla eradication program progress report (2000-2010),Likely,1,4,4.607122473,3,4,0,18,1,0.98,0.92,1.00
80,California Department of Food and Agriculture.  Hydrilla eradication program progress report (2000-2010),Verylikely,1,4,4.607122473,3,4,0,18,1,0.98,0.92,1.00
81,California Department of Food and Agriculture.  Hydrilla eradication program progress report (2000-2010),Likely,1,4,4.03686833,3,2,0,16,1,0.87,0.59,0.97
82,California Department of Food and Agriculture.  Hydrilla eradication program progress report (2000-2010),Likely,1,4,4.324776159,3,2,0,16,1,0.79,0.43,0.95
82,California Department of Food and Agriculture.  Hydrilla eradication program progress report (2000-2010),Veryunlikely,1,4,4.324776159,3,2,0,16,1,0.79,0.43,0.95
83,California Department of Food and Agriculture.  Hydrilla eradication program progress report (2000-2010),Likely,1,4,2.953276337,3,4,0,13,1,1.00,0.99,1.00
83,California Department of Food and Agriculture.  Hydrilla eradication program progress report (2000-2010),Likely,1,4,2.953276337,3,4,0,13,1,1.00,0.99,1.00
85,California Department of Food and Agriculture.  Hydrilla eradication program progress report (2000-2010),Likely,1,4,5.022840611,3,4,0,14,1,0.92,0.79,0.97
85,California Department of Food and Agriculture.  Hydrilla eradication program progress report (2000-2010),Verylikely,1,4,5.022840611,3,4,0,14,1,0.92,0.79,0.97
86,California Department of Food and Agriculture.  Hydrilla eradication program progress report (2000-2010),Likely,1,4,4.385266569,3,4,0,22,1,0.99,0.96,1.00
87,California Department of Food and Agriculture.  Hydrilla eradication program progress report (2000-2010),Likely,1,4,3.891537458,3,4,1,7,1,0.96,0.85,0.99
87,California Department of Food and Agriculture.  Hydrilla eradication program progress report (2000-2010),Likely,1,4,3.891537458,3,4,1,7,1,0.96,0.85,0.99
87,California Department of Food and Agriculture.  Hydrilla eradication program progress report (2000-2010),Unlikely,1,4,3.891537458,3,4,1,7,1,0.96,0.85,0.99
88,California Department of Food and Agriculture.  Hydrilla eradication program progress report (2000-2010),Unlikely,1,4,3.847387551,3,4,0,13,1,0.99,0.96,1.00
88,California Department of Food and Agriculture.  Hydrilla eradication program progress report (2000-2010),Unlikely,1,4,3.847387551,3,4,0,13,1,0.99,0.96,1.00
89,California Department of Food and Agriculture.  Hydrilla eradication program progress report (2000-2010),Likely,1,4,2.903795143,3,2,0,16,1,0.99,0.93,1.00
89,California Department of Food and Agriculture.  Hydrilla eradication program progress report (2000-2010),Unlikely,1,4,2.903795143,3,2,0,16,1,0.99,0.93,1.00
89,California Department of Food and Agriculture.  Hydrilla eradication program progress report (2000-2010),Verylikely,1,4,2.903795143,3,2,0,16,1,0.99,0.93,1.00
89,California Department of Food and Agriculture.  Hydrilla eradication program progress report (2000-2010),Verylikely,1,4,2.903795143,3,2,0,16,1,0.99,0.93,1.00
90,"Mailu AM. 2001. Preliminary assessment of the social, economic and environmental impacts of water hyacinth in the Lake Victoria Basin and the status of control pp 130-139 In: ACIAR Proceedings, Biological and integrated control of water hyacinth, Eichhornia crassipes.",Veryunlikely,1,4,7.991226076,3,4,0,14,0,0.03,0.01,0.11
91,"Madsen JD, Getsinger KD, Stewart RM, and Owens CS. 2002. Whole lake fluridone treatments for selective control of eurasian watermilfoil: II. Impacts on submersed plant communities. Lake and Reservoir Management 18: 191-200",Likely,1,4,5.812913357,3,2,0,1.25,0,0.02,0.00,0.16
91,"Madsen JD, Getsinger KD, Stewart RM, and Owens CS. 2002. Whole lake fluridone treatments for selective control of eurasian watermilfoil: II. Impacts on submersed plant communities. Lake and Reservoir Management 18: 191-200",Unlikely,1,4,5.812913357,3,2,0,1.25,0,0.02,0.00,0.16
91,"Madsen JD, Getsinger KD, Stewart RM, and Owens CS. 2002. Whole lake fluridone treatments for selective control of eurasian watermilfoil: II. Impacts on submersed plant communities. Lake and Reservoir Management 18: 191-200",Unlikely,1,4,5.812913357,3,2,0,1.25,0,0.02,0.00,0.16
91,"Madsen JD, Getsinger KD, Stewart RM, and Owens CS. 2002. Whole lake fluridone treatments for selective control of eurasian watermilfoil: II. Impacts on submersed plant communities. Lake and Reservoir Management 18: 191-200",Veryunlikely,1,4,5.812913357,3,2,0,1.25,0,0.02,0.00,0.16
92,"Madsen JD, Getsinger KD, Stewart RM, and Owens CS. 2002. Whole lake fluridone treatments for selective control of eurasian watermilfoil: II. Impacts on submersed plant communities. Lake and Reservoir Management 18: 191-200",Unlikely,1,4,5.812913357,3,2,0,1.25,0,0.02,0.00,0.16
92,"Madsen JD, Getsinger KD, Stewart RM, and Owens CS. 2002. Whole lake fluridone treatments for selective control of eurasian watermilfoil: II. Impacts on submersed plant communities. Lake and Reservoir Management 18: 191-200",Unlikely,1,4,5.812913357,3,2,0,1.25,0,0.02,0.00,0.16
92,"Madsen JD, Getsinger KD, Stewart RM, and Owens CS. 2002. Whole lake fluridone treatments for selective control of eurasian watermilfoil: II. Impacts on submersed plant communities. Lake and Reservoir Management 18: 191-200",Unlikely,1,4,5.812913357,3,2,0,1.25,0,0.02,0.00,0.16
92,"Madsen JD, Getsinger KD, Stewart RM, and Owens CS. 2002. Whole lake fluridone treatments for selective control of eurasian watermilfoil: II. Impacts on submersed plant communities. Lake and Reservoir Management 18: 191-200",Veryunlikely,1,4,5.812913357,3,2,0,1.25,0,0.02,0.00,0.16
93,"Madsen JD, Getsinger KD, Stewart RM, and Owens CS. 2002. Whole lake fluridone treatments for selective control of eurasian watermilfoil: II. Impacts on submersed plant communities. Lake and Reservoir Management 18: 191-200",Unlikely,1,4,6.344392274,3,2,0,1.25,0,0.01,0.00,0.07
93,"Madsen JD, Getsinger KD, Stewart RM, and Owens CS. 2002. Whole lake fluridone treatments for selective control of eurasian watermilfoil: II. Impacts on submersed plant communities. Lake and Reservoir Management 18: 191-200",Veryunlikely,1,4,6.344392274,3,2,0,1.25,0,0.01,0.00,0.07
93,"Madsen JD, Getsinger KD, Stewart RM, and Owens CS. 2002. Whole lake fluridone treatments for selective control of eurasian watermilfoil: II. Impacts on submersed plant communities. Lake and Reservoir Management 18: 191-200",Veryunlikely,1,4,6.344392274,3,2,0,1.25,0,0.01,0.00,0.07
94,"Madsen JD, Getsinger KD, Stewart RM, and Owens CS. 2002. Whole lake fluridone treatments for selective control of eurasian watermilfoil: II. Impacts on submersed plant communities. Lake and Reservoir Management 18: 191-200",Likely,1,4,5.991226076,3,2,0,1.25,0,0.02,0.00,0.12
94,"Madsen JD, Getsinger KD, Stewart RM, and Owens CS. 2002. Whole lake fluridone treatments for selective control of eurasian watermilfoil: II. Impacts on submersed plant communities. Lake and Reservoir Management 18: 191-200",Veryunlikely,1,4,5.991226076,3,2,0,1.25,0,0.02,0.00,0.12
94,"Madsen JD, Getsinger KD, Stewart RM, and Owens CS. 2002. Whole lake fluridone treatments for selective control of eurasian watermilfoil: II. Impacts on submersed plant communities. Lake and Reservoir Management 18: 191-200",Veryunlikely,1,4,5.991226076,3,2,0,1.25,0,0.02,0.00,0.12
95,"Deiye M, Star R, Burramen L, and Nandlal S. Eradication of Mozambique tilapia (Oreochromis mossambicus), restocking of Nile tilapia (O. niloticus) and improved aquaculture pond management in Nauru. ",Likely,3,4,2.920123326,3,4,1,0.25,1,1.00,0.99,1.00
95,"Deiye M, Star R, Burramen L, and Nandlal S. Eradication of Mozambique tilapia (Oreochromis mossambicus), restocking of Nile tilapia (O. niloticus) and improved aquaculture pond management in Nauru. ",Likely,3,4,2.920123326,3,4,1,0.25,1,1.00,0.99,1.00
95,"Deiye M, Star R, Burramen L, and Nandlal S. Eradication of Mozambique tilapia (Oreochromis mossambicus), restocking of Nile tilapia (O. niloticus) and improved aquaculture pond management in Nauru. ",Verylikely,3,4,2.920123326,3,4,1,0.25,1,1.00,0.99,1.00
96,"Deiye M, Star R, Burramen L, and Nandlal S. Eradication of Mozambique tilapia (Oreochromis mossambicus), restocking of Nile tilapia (O. niloticus) and improved aquaculture pond management in Nauru. ",Likely,3,4,1.40654018,3,1,1,0.25,1,0.98,0.93,1.00
96,"Deiye M, Star R, Burramen L, and Nandlal S. Eradication of Mozambique tilapia (Oreochromis mossambicus), restocking of Nile tilapia (O. niloticus) and improved aquaculture pond management in Nauru. ",Verylikely,3,4,1.40654018,3,1,1,0.25,1,0.98,0.93,1.00
97,"Ludgate BG, and Closs GP. 2003. Response of fish communities to sustained removals of perch (Perca fluviatilis). Science for Conservation 210",Veryunlikely,3,4,3.230448921,3,1,1,1.33,1,0.63,0.42,0.80
97,"Ludgate BG, and Closs GP. 2003. Response of fish communities to sustained removals of perch (Perca fluviatilis). Science for Conservation 210",Veryunlikely,3,4,3.230448921,3,1,1,1.33,1,0.63,0.42,0.80
99,"Ludgate BG, and Closs GP. 2003. Response of fish communities to sustained removals of perch (Perca fluviatilis). Science for Conservation 210",Unlikely,3,4,3.897627091,3,1,1,1.33,0,0.33,0.18,0.52
99,"Ludgate BG, and Closs GP. 2003. Response of fish communities to sustained removals of perch (Perca fluviatilis). Science for Conservation 210",Verylikely,3,4,3.897627091,3,1,1,1.33,0,0.33,0.18,0.52
99,"Ludgate BG, and Closs GP. 2003. Response of fish communities to sustained removals of perch (Perca fluviatilis). Science for Conservation 210",Verylikely,3,4,3.897627091,3,1,1,1.33,0,0.33,0.18,0.52
99,"Ludgate BG, and Closs GP. 2003. Response of fish communities to sustained removals of perch (Perca fluviatilis). Science for Conservation 210",Veryunlikely,3,4,3.897627091,3,1,1,1.33,0,0.33,0.18,0.52
100,"Zuljevic A, and Antolic B. 2002. Appearance and eradication of Caulerpa taxifolia in Croatia. International Caulerpa taxifolia Conference Proceedings.",Unlikely,1,2,2.544068044,2,1,0,1,0,0.23,0.02,0.83
101,"Zuljevic A, and Antolic B. 2002. Appearance and eradication of Caulerpa taxifolia in Croatia. International Caulerpa taxifolia Conference Proceedings.",Veryunlikely,1,2,4.393505009,2,1,0,1,0,0.00,0.00,0.07
104,"Hestand III RS, Thompson BZ, and Mallison CT. ??? Effects of triploid grass carp and sonar treatments on aquatic plants in Lake Yale. Proceedings Grass Carp Symposium",Likely,1,4,7.079181246,3,4,0,10,0,0.09,0.03,0.26
104,"Hestand III RS, Thompson BZ, and Mallison CT. ??? Effects of triploid grass carp and sonar treatments on aquatic plants in Lake Yale. Proceedings Grass Carp Symposium",Verylikely,1,4,7.079181246,3,4,0,10,0,0.09,0.03,0.26
104,"Hestand III RS, Thompson BZ, and Mallison CT. ??? Effects of triploid grass carp and sonar treatments on aquatic plants in Lake Yale. Proceedings Grass Carp Symposium",Veryunlikely,1,4,7.079181246,3,4,0,10,0,0.09,0.03,0.26
105,"Leslie AJ, Nall LE, Jubinsky GP, and Schardt J. ??? Effects of grass carp on the aquatic vegetation in Lake Conway, Florida. Proceedings Grass Carp Symposium",Veryunlikely,1,4,6.567026366,3,3,0,16,0,0.31,0.07,0.72
106,"Shireman JV, and Maceina MJ. 1981. The utilization of grass carp, Ctenopharyngodon idella Val., for Hydrila control in Lake Baldwin, Florida. Journal of Fish Biology 19: 629-636",Unlikely,1,4,5.806179974,3,3,0,2,0,0.20,0.05,0.55
106,"Shireman JV, and Maceina MJ. 1981. The utilization of grass carp, Ctenopharyngodon idella Val., for Hydrila control in Lake Baldwin, Florida. Journal of Fish Biology 19: 629-636",Unlikely,1,4,5.806179974,3,3,0,2,0,0.20,0.05,0.55
106,"Shireman JV, and Maceina MJ. 1981. The utilization of grass carp, Ctenopharyngodon idella Val., for Hydrila control in Lake Baldwin, Florida. Journal of Fish Biology 19: 629-636",Veryunlikely,1,4,5.806179974,3,3,0,2,0,0.20,0.05,0.55
107,Department of Fisheries and Oceans Canada. 2011. Ecological assessment of the invasive european green crab (Carcinus maenas) in Newfoundland 2007-2009. DFO CSAS 2010/033,Veryunlikely,2,2,6.935507266,3,1,0,2,0,0.00,0.00,0.00
107,Department of Fisheries and Oceans Canada. 2011. Ecological assessment of the invasive european green crab (Carcinus maenas) in Newfoundland 2007-2009. DFO CSAS 2010/033,Veryunlikely,2,2,6.935507266,3,1,0,2,0,0.00,0.00,0.00
109,"Lozano-Vilano MdL, and Contreras-Balderas AJ. 2006. Eradication of spotted jewelfish, Hemichromis guttatus, from Poza San Jose del Anteojo, Cuatro Cienegas Bolson, Coahuila, Mexico. Southwest. Nat. 51: 553-555.",Likely,3,4,2.649334859,3,1,1,4.17,1,0.90,0.76,0.96
109,"Lozano-Vilano MdL, and Contreras-Balderas AJ. 2006. Eradication of spotted jewelfish, Hemichromis guttatus, from Poza San Jose del Anteojo, Cuatro Cienegas Bolson, Coahuila, Mexico. Southwest. Nat. 51: 553-555.",Verylikely,3,4,2.649334859,3,1,1,4.17,1,0.90,0.76,0.96
110,"Vredenburg, VT. 2004. Reversing introduced species effects: Experimental removal of introduced fish leads to rapid recovery of a declining frog. Proc. Natl. Ac. Sci. 101: 7646-7650",Veryunlikely,3,4,3.458033192,3,1,1,6,1,0.68,0.47,0.83
111,"Vredenburg, VT. 2004. Reversing introduced species effects: Experimental removal of introduced fish leads to rapid recovery of a declining frog. Proc. Natl. Ac. Sci. 101: 7646-7650",Likely,3,4,3.900803935,3,1,1,5,1,0.42,0.24,0.61
111,"Vredenburg, VT. 2004. Reversing introduced species effects: Experimental removal of introduced fish leads to rapid recovery of a declining frog. Proc. Natl. Ac. Sci. 101: 7646-7650",Likely,3,4,3.900803935,3,1,1,5,1,0.42,0.24,0.61
111,"Vredenburg, VT. 2004. Reversing introduced species effects: Experimental removal of introduced fish leads to rapid recovery of a declining frog. Proc. Natl. Ac. Sci. 101: 7646-7650",Unlikely,3,4,3.900803935,3,1,1,5,1,0.42,0.24,0.61
111,"Vredenburg, VT. 2004. Reversing introduced species effects: Experimental removal of introduced fish leads to rapid recovery of a declining frog. Proc. Natl. Ac. Sci. 101: 7646-7650",Veryunlikely,3,4,3.900803935,3,1,1,5,1,0.42,0.24,0.61
112,"Vredenburg, VT. 2004. Reversing introduced species effects: Experimental removal of introduced fish leads to rapid recovery of a declining frog. Proc. Natl. Ac. Sci. 101: 7646-7650",Unlikely,3,4,4.064457989,3,1,1,4,1,0.30,0.16,0.49
112,"Vredenburg, VT. 2004. Reversing introduced species effects: Experimental removal of introduced fish leads to rapid recovery of a declining frog. Proc. Natl. Ac. Sci. 101: 7646-7650",Unlikely,3,4,4.064457989,3,1,1,4,1,0.30,0.16,0.49
113,"Vredenburg, VT. 2004. Reversing introduced species effects: Experimental removal of introduced fish leads to rapid recovery of a declining frog. Proc. Natl. Ac. Sci. 101: 7646-7650",Likely,3,4,4.284363046,3,1,1,2,0,0.19,0.09,0.36
113,"Vredenburg, VT. 2004. Reversing introduced species effects: Experimental removal of introduced fish leads to rapid recovery of a declining frog. Proc. Natl. Ac. Sci. 101: 7646-7650",Likely,3,4,4.284363046,3,1,1,2,0,0.19,0.09,0.36
114,"Vredenburg, VT. 2004. Reversing introduced species effects: Experimental removal of introduced fish leads to rapid recovery of a declining frog. Proc. Natl. Ac. Sci. 101: 7646-7650",Unlikely,3,4,4.167228694,3,1,1,2,0,0.23,0.12,0.41
114,"Vredenburg, VT. 2004. Reversing introduced species effects: Experimental removal of introduced fish leads to rapid recovery of a declining frog. Proc. Natl. Ac. Sci. 101: 7646-7650",Veryunlikely,3,4,4.167228694,3,1,1,2,0,0.23,0.12,0.41
115,"Parker BR, Schindler DW, Donald DB, and Anderson RS. 2001. The effects of stocking and removal of a nonnative salmonid on the plankton of an alpine lake. Ecosystems 4: 334-345",Unlikely,3,4,4.322219295,2,1,0,3,1,0.55,0.31,0.76
116,"Barrows MB, 1939. Elimination of yellow perch from a lake using derris root. Journal of Wildlife Management 3: 131-133",Likely,3,4,5.181271772,2,2,1,0.08,1,0.58,0.27,0.84
116,"Barrows MB, 1939. Elimination of yellow perch from a lake using derris root. Journal of Wildlife Management 3: 131-133",Unlikely,3,4,5.181271772,2,2,1,0.08,1,0.58,0.27,0.84
116,"Barrows MB, 1939. Elimination of yellow perch from a lake using derris root. Journal of Wildlife Management 3: 131-133",Unlikely,3,4,5.181271772,2,2,1,0.08,1,0.58,0.27,0.84
116,"Barrows MB, 1939. Elimination of yellow perch from a lake using derris root. Journal of Wildlife Management 3: 131-133",Veryunlikely,3,4,5.181271772,2,2,1,0.08,1,0.58,0.27,0.84
117,"Waltson LJ, and Mullin SJ. 2007. Responses of a pond-breeding amphibian community to the experimental removal of predatory fish. American Midland Naturalist 157: 63-73",Verylikely,3,4,2.875061263,3,2,1,3,1,0.99,0.96,1.00
117,"Waltson LJ, and Mullin SJ. 2007. Responses of a pond-breeding amphibian community to the experimental removal of predatory fish. American Midland Naturalist 157: 63-73",Verylikely,3,4,2.875061263,3,2,1,3,1,0.99,0.96,1.00
118,"Waltson LJ, and Mullin SJ. 2007. Responses of a pond-breeding amphibian community to the experimental removal of predatory fish. American Midland Naturalist 157: 63-73",Likely,3,4,2.875061263,3,2,1,3,1,0.99,0.96,1.00
119,"Hoffman RL, Larson GL, and Samora B. 2004. Responses of Ambystoma gracile to the removal of introduced nonnative fish from a mountain lake. Journal of Herpetology 38: 578-585",Likely,3,4,3.698970004,2,1,0,10,1,0.93,0.77,0.98
119,"Hoffman RL, Larson GL, and Samora B. 2004. Responses of Ambystoma gracile to the removal of introduced nonnative fish from a mountain lake. Journal of Herpetology 38: 578-585",Unlikely,3,4,3.698970004,2,1,0,10,1,0.93,0.77,0.98
120,"Wingate DB. 2011. The successful elimination of cane toads, Bufo marinus, from an island with breeding habitat off Bermuda. Biological Invasions 13: 1487-1492",Likely,3,4,2.77815125,2,1,1,5,1,0.96,0.86,0.99
120,"Wingate DB. 2011. The successful elimination of cane toads, Bufo marinus, from an island with breeding habitat off Bermuda. Biological Invasions 13: 1487-1492",Likely,3,4,2.77815125,2,1,1,5,1,0.96,0.86,0.99
120,"Wingate DB. 2011. The successful elimination of cane toads, Bufo marinus, from an island with breeding habitat off Bermuda. Biological Invasions 13: 1487-1492",Likely,3,4,2.77815125,2,1,1,5,1,0.96,0.86,0.99
120,"Wingate DB. 2011. The successful elimination of cane toads, Bufo marinus, from an island with breeding habitat off Bermuda. Biological Invasions 13: 1487-1492",Likely,3,4,2.77815125,2,1,1,5,1,0.96,0.86,0.99
120,"Wingate DB. 2011. The successful elimination of cane toads, Bufo marinus, from an island with breeding habitat off Bermuda. Biological Invasions 13: 1487-1492",Unlikely,3,4,2.77815125,2,1,1,5,1,0.96,0.86,0.99
120,"Wingate DB. 2011. The successful elimination of cane toads, Bufo marinus, from an island with breeding habitat off Bermuda. Biological Invasions 13: 1487-1492",Unlikely,3,4,2.77815125,2,1,1,5,1,0.96,0.86,0.99
120,"Wingate DB. 2011. The successful elimination of cane toads, Bufo marinus, from an island with breeding habitat off Bermuda. Biological Invasions 13: 1487-1492",Unlikely,3,4,2.77815125,2,1,1,5,1,0.96,0.86,0.99
121,"Cahoon W. 1953. Commercial carp removal at Lake Mattamuskeet, North Carolina. The Journal of Wildlife Management 17: 312-317",Unlikely,3,4,8.306081746,3,1,1,12,0,0.00,0.00,0.00
121,"Cahoon W. 1953. Commercial carp removal at Lake Mattamuskeet, North Carolina. The Journal of Wildlife Management 17: 312-317",Veryunlikely,3,4,8.306081746,3,1,1,12,0,0.00,0.00,0.00
122,"Weidel BC, Josephson DC, and Kraft CE. 2007. Littoral fish community response to smallmouth bass removal from an Adirondack Lake. Transactions of the American Fisheries Society 136: 778-789.",Veryunlikely,3,4,6.432969291,3,1,0,6,0,0.01,0.00,0.05
125,California Department of Food and Agriculture.  Hydrilla eradication program progress report (2000-2010),Likely,1,4,2.956648579,3,4,0,12,1,1.00,0.99,1.00
125,California Department of Food and Agriculture.  Hydrilla eradication program progress report (2000-2010),Likely,1,4,2.956648579,3,4,0,12,1,1.00,0.99,1.00
125,California Department of Food and Agriculture.  Hydrilla eradication program progress report (2000-2010),Verylikely,1,4,2.956648579,3,4,0,12,1,1.00,0.99,1.00
126,California Department of Food and Agriculture.  Hydrilla eradication program progress report (2000-2010),Verylikely,1,4,3.936965897,3,4,0,14,1,0.99,0.96,1.00
127,California Department of Food and Agriculture.  Hydrilla eradication program progress report (2000-2010),Unlikely,1,4,3.545183368,3,1,0,14,1,0.33,0.09,0.71
127,California Department of Food and Agriculture.  Hydrilla eradication program progress report (2000-2010),Veryunlikely,1,4,3.545183368,3,1,0,14,1,0.33,0.09,0.71
128,California Department of Food and Agriculture.  Hydrilla eradication program progress report (2000-2010),Unlikely,1,4,7.013142557,3,4,0,31,0,0.89,0.38,0.99
129,California Department of Food and Agriculture.  Hydrilla eradication program progress report (2000-2010),Likely,1,4,5.908147639,3,4,1,18,0,0.71,0.41,0.90
129,California Department of Food and Agriculture.  Hydrilla eradication program progress report (2000-2010),Likely,1,4,5.908147639,3,4,1,18,0,0.71,0.41,0.90
129,California Department of Food and Agriculture.  Hydrilla eradication program progress report (2000-2010),Verylikely,1,4,5.908147639,3,4,1,18,0,0.71,0.41,0.90
129,California Department of Food and Agriculture.  Hydrilla eradication program progress report (2000-2010),Verylikely,1,4,5.908147639,3,4,1,18,0,0.71,0.41,0.90
129,California Department of Food and Agriculture.  Hydrilla eradication program progress report (2000-2010),Veryunlikely,1,4,5.908147639,3,4,1,18,0,0.71,0.41,0.90
130,California Department of Food and Agriculture.  Hydrilla eradication program progress report (2000-2010),Unlikely,1,4,5.60711818,3,4,1,11,1,0.52,0.28,0.76
130,California Department of Food and Agriculture.  Hydrilla eradication program progress report (2000-2010),Unlikely,1,4,5.60711818,3,4,1,11,1,0.52,0.28,0.76
131,California Department of Food and Agriculture.  Hydrilla eradication program progress report (2000-2010),Unlikely,1,3,4.92265281,3,4,1,11,1,0.14,0.04,0.40
131,California Department of Food and Agriculture.  Hydrilla eradication program progress report (2000-2010),Unlikely,1,3,4.92265281,3,4,1,11,1,0.14,0.04,0.40
132,California Department of Food and Agriculture.  Hydrilla eradication program progress report (2000-2010),Likely,1,4,2.903632516,3,4,1,8,1,1.00,0.97,1.00
133,California Department of Food and Agriculture.  Hydrilla eradication program progress report (2000-2010),Likely,1,4,2.58546073,3,3,1,6,0,1.00,0.98,1.00
134,California Department of Food and Agriculture.  Hydrilla eradication program progress report (2000-2010),Likely,1,4,4.084254459,3,3,0,6,1,0.93,0.73,0.98
134,California Department of Food and Agriculture.  Hydrilla eradication program progress report (2000-2010),Veryunlikely,1,4,4.084254459,3,3,0,6,1,0.93,0.73,0.98
135,California Department of Food and Agriculture.  Hydrilla eradication program progress report (2000-2010),Likely,1,4,5.198181301,3,4,0,16,1,0.92,0.77,0.97
135,California Department of Food and Agriculture.  Hydrilla eradication program progress report (2000-2010),Unlikely,1,4,5.198181301,3,4,0,16,1,0.92,0.77,0.97
136,California Department of Food and Agriculture.  Hydrilla eradication program progress report (2000-2010),Likely,1,4,4.641741744,3,3,0,16,1,0.95,0.77,0.99
136,California Department of Food and Agriculture.  Hydrilla eradication program progress report (2000-2010),Likely,1,4,4.641741744,3,3,0,16,1,0.95,0.77,0.99
136,California Department of Food and Agriculture.  Hydrilla eradication program progress report (2000-2010),Verylikely,1,4,4.641741744,3,3,0,16,1,0.95,0.77,0.99
137,California Department of Food and Agriculture.  Hydrilla eradication program progress report (2000-2010),Likely,1,4,3.746400644,3,3,0,16,1,0.99,0.94,1.00
137,California Department of Food and Agriculture.  Hydrilla eradication program progress report (2000-2010),Likely,1,4,3.746400644,3,3,0,16,1,0.99,0.94,1.00
137,California Department of Food and Agriculture.  Hydrilla eradication program progress report (2000-2010),Unlikely,1,4,3.746400644,3,3,0,16,1,0.99,0.94,1.00
137,California Department of Food and Agriculture.  Hydrilla eradication program progress report (2000-2010),Veryunlikely,1,4,3.746400644,3,3,0,16,1,0.99,0.94,1.00
138,California Department of Food and Agriculture.  Hydrilla eradication program progress report (2000-2010),Likely,1,4,1.86332286,3,3,0,16,1,1.00,1.00,1.00
138,California Department of Food and Agriculture.  Hydrilla eradication program progress report (2000-2010),Likely,1,4,1.86332286,3,3,0,16,1,1.00,1.00,1.00
138,California Department of Food and Agriculture.  Hydrilla eradication program progress report (2000-2010),Veryunlikely,1,4,1.86332286,3,3,0,16,1,1.00,1.00,1.00
139,California Department of Food and Agriculture.  Hydrilla eradication program progress report (2000-2010),Likely,1,4,5.098643726,3,4,0,5,1,0.71,0.40,0.90
139,California Department of Food and Agriculture.  Hydrilla eradication program progress report (2000-2010),Veryunlikely,1,4,5.098643726,3,4,0,5,1,0.71,0.40,0.90
139,California Department of Food and Agriculture.  Hydrilla eradication program progress report (2000-2010),Veryunlikely,1,4,5.098643726,3,4,0,5,1,0.71,0.40,0.90
140,"Locke A, Hanson JM, MacNair NG, and Smith AH. 2009. Rapid response to non-indigenous species. 2. Case studies of invasive tunicates in Prince Edward Island. Aquatic Invasions 4: 249-258",Likely,2,2,3.126456113,1,1,0,2.33,0,0.50,0.08,0.92
140,"Locke A, Hanson JM, MacNair NG, and Smith AH. 2009. Rapid response to non-indigenous species. 2. Case studies of invasive tunicates in Prince Edward Island. Aquatic Invasions 4: 249-258",Unlikely,2,2,3.126456113,1,1,0,2.33,0,0.50,0.08,0.92
141,"Hill JE, and Chicra CE. 2005. Eradication of a reproducing population of convict cichlids, Cichlasoma nigrofasciatum (Cichlidae), in North-central Florida. Florida Scientist 68: 65-74.",Likely,3,4,3.389166084,2,3,0,0.083,1,1.00,0.99,1.00
141,"Hill JE, and Chicra CE. 2005. Eradication of a reproducing population of convict cichlids, Cichlasoma nigrofasciatum (Cichlidae), in North-central Florida. Florida Scientist 68: 65-74.",Verylikely,3,4,3.389166084,2,3,0,0.083,1,1.00,0.99,1.00
141,"Hill JE, and Chicra CE. 2005. Eradication of a reproducing population of convict cichlids, Cichlasoma nigrofasciatum (Cichlidae), in North-central Florida. Florida Scientist 68: 65-74.",Verylikely,3,4,3.389166084,2,3,0,0.083,1,1.00,0.99,1.00
142,"Cilliers CJ, Zeller D, and Strydom G. 1996. Short- and long-term control of water lettuce (Pistia stratiotes) on seasonal water bodies and on a river system in the Kruger National Park, South Africa. Hydrobiologia 340: 173-179.",Unlikely,1,3,5.255272505,3,4,0,6,0,0.11,0.03,0.35
143,"Department of Fisheries and Oceans Canada. 2013. Review of control and eradication activities in 2010 to 2012 targeting smallmouth bass in Miramichi Lake, New Brunswick.",Unlikely,3,4,6.344392274,2,1,1,3,0,0.01,0.00,0.06